Sales += 0 between Thu, 05 Nov 2009 00:00:00 +0000 and Fri, 06 Nov 2009 00:00:00 +0000 
Sales += 0 between Fri, 06 Nov 2009 00:00:00 +0000 and Sat, 07 Nov 2009 00:00:00 +0000 
Sales += 0 between Sat, 07 Nov 2009 00:00:00 +0000 and Sun, 08 Nov 2009 00:00:00 +0000 
Sales += 0 between Sun, 08 Nov 2009 00:00:00 +0000 and Mon, 09 Nov 2009 00:00:00 +0000 
Sales += 0 between Mon, 09 Nov 2009 00:00:00 +0000 and Tue, 10 Nov 2009 00:00:00 +0000 
Sales += 0 between Tue, 10 Nov 2009 00:00:00 +0000 and Wed, 11 Nov 2009 00:00:00 +0000 
Sales += 0 between Wed, 11 Nov 2009 00:00:00 +0000 and Thu, 12 Nov 2009 00:00:00 +0000 
Sales += 0 between Fri, 06 Nov 2009 00:00:00 +0000 and Fri, 13 Nov 2009 00:00:00 +0000 
